Title,Abstract,DOI,Score,Embeddings,Similarity0,Similarity1,Similarity2,Similarity3
Dynamic population stage structure due to juvenile–adult asymmetry stabilizes complex ecological communities,"Using food web models that account for juvenile and adult individuals of species, I show that commonly observed differences between juveniles and adults in foraging capacity and predation risk result in larger, more complex communities than predicted by models without stage structure. Based on their species interaction networks these complex and diverse communities would be expected to be unstable, but these destabilizing effects of species interactions are overruled by stabilizing changes in juvenile–adult stage structure. Differences between juvenile and adult individuals hence offer a natural resolution to the diversity–stability enigma of ecological communities.",,0.84854275,"[-2.63194382e-01 -4.85258400e-01  2.46501118e-01 -3.02581340e-02
  1.76782995e-01 -1.72063157e-01  1.39966547e-01 -8.17138851e-01
 -1.50496796e-01 -1.01524688e-01  1.14736426e+00  1.48065701e-01
 -2.10893095e-01 -2.64172286e-01 -4.10890043e-01  2.08444521e-01
 -2.58476853e+00  2.79551387e-01  9.28604066e-01 -1.05891466e+00
 -4.12996382e-01  1.87149808e-01 -2.00053453e-01  1.53579995e-01
  4.55263078e-01  9.06904399e-01  3.57187986e-01 -1.62206188e-01
  6.98855281e-01 -1.11164697e-01  1.39082029e-01 -2.29662195e-01
  1.52429849e-01 -4.92834240e-01  1.43433750e-01 -4.77972835e-01
  9.08864215e-02  1.50784165e-01 -2.08783105e-01  7.46105909e-01
  1.24510378e-02  8.76539230e-01  3.21335554e-01 -7.57744908e-01
  1.12964362e-01  7.48389781e-01  4.25953001e-01  2.72505164e-01
  9.11875889e-02  3.00170630e-01  5.81438482e-01  4.60352123e-01
  8.04269373e-01  7.34777451e-01  9.13396239e-01  3.64631563e-01
 -1.19959044e+00 -4.51949716e-01  2.73710996e-01  3.33013803e-01
 -4.72213745e-01 -8.56520459e-02  8.82055983e-03 -1.04344201e+00
  3.94931287e-01 -3.03721726e-02  5.16549528e-01  2.44373038e-01
  1.02358377e+00  8.10481429e-01  1.72225028e-01  5.04637301e-01
 -1.98357093e+00 -1.40601122e+00  2.04383284e-01  7.94506192e-01
  1.50816417e+00  1.02086043e+00 -5.50444663e-01 -2.51129687e-01
  8.85747373e-01 -2.93790027e-02 -4.76694629e-02 -3.32206458e-01
 -2.16530025e-01 -3.09712946e-01 -1.15929082e-01  8.56719255e-01
  6.99656785e-01  5.59867844e-02 -5.68611398e-02 -8.74606967e-01
  7.90956080e-01  7.91406512e-01  2.85264224e-01  5.31565785e-01
  1.09175399e-01 -1.57526597e-01 -3.16246539e-01  1.10998392e+00
 -5.99579453e-01 -4.14883643e-01  5.92841268e-01  8.82163271e-02
  9.14630532e-01 -3.38195302e-02 -6.26218677e-01  4.91599411e-01
 -6.63977563e-01  7.70976901e-01  3.50333810e-01 -1.43078768e+00
 -9.16895628e-01  7.28317916e-01 -1.72632471e-01  4.80427414e-01
 -5.88103309e-02 -1.08653106e-01 -1.88630641e-01  1.35378957e+00
  3.15220177e-01 -4.06406820e-01 -4.11996126e-01 -1.98772505e-01
  5.25952041e-01  9.23162341e-01 -3.77368867e-01  1.35565996e-01
  1.16684639e+00  5.20943582e-01 -4.34554040e-01 -3.13876688e-01
 -8.57450217e-02  1.61036015e-01 -4.67976272e-01  2.06480652e-01
 -1.19858646e+00 -8.95498507e-03  2.16473073e-01  6.29692614e-01
 -2.19265632e-02 -4.38232690e-01  8.18335116e-01  1.72484040e-01
  7.72319615e-01  1.56321943e+00  6.74731880e-02 -7.54512489e-01
  1.02637380e-01 -7.42279887e-02  9.86392200e-02  4.67364252e-01
 -1.02416527e+00  6.42955452e-02 -6.70282125e-01  2.05317587e-01
  1.13342834e+00 -1.06163025e+00 -5.83400905e-01  4.57680970e-01
 -1.88621998e-01 -1.12913537e+00  8.09123755e-01 -3.19436014e-01
  5.33185840e-01 -2.51497388e-01  1.55372918e+00 -5.61600447e-01
 -4.01211411e-01  4.35194194e-01  7.10602880e-01  7.97196269e-01
  1.49340594e+00  7.27198124e-01 -1.02955297e-01 -1.25397408e+00
 -2.09911957e-01 -4.34923500e-01 -9.23449278e-01 -2.96672910e-01
 -8.13358665e-01  5.07803798e-01  8.61002028e-01 -4.43335801e-01
  3.97761047e-01 -2.86032744e-02  1.03083658e+00 -1.76360458e-01
  6.80036485e-01 -7.49224782e-01 -2.60490060e-01  1.93682015e-02
  1.06781781e+00 -2.65830338e-01 -8.36239830e-02 -1.98231846e-01
 -3.18302289e-02  4.24407691e-01  2.39225060e-01  5.11127770e-01
  9.89612937e-01  7.97710061e-01 -9.48895693e-01 -4.36487854e-01
  2.23864987e-01  6.02065504e-01 -4.04678196e-01 -1.72216281e-01
  3.63151938e-01 -1.40573099e-01 -7.48386383e-01 -2.66452998e-01
 -1.44686162e-01  5.74206352e-01 -5.79526246e-01  6.42591268e-02
 -1.08015251e+00  5.02486169e-01  1.10247374e+00  2.29569048e-01
  2.62812614e-01  1.47098064e-01  7.94769824e-01 -1.02699888e+00
 -7.14930117e-01 -9.62458923e-02  1.48198402e+00 -6.67445779e-01
 -2.47501358e-01  1.04320168e+00  6.80998117e-02 -1.26129198e+00
  2.00942993e-01 -7.71997273e-01 -6.71965301e-01 -1.25040388e+00
 -7.51041770e-02  5.28452814e-01  7.14000404e-01  1.14875507e+00
 -8.19737971e-01 -4.01137948e-01 -4.38158840e-01  2.94611812e-01
 -8.12455654e-01 -7.76107430e-01  2.67937124e-01 -2.70255208e-01
  4.88602400e-01  1.18113720e+00 -4.14618522e-01 -1.90852676e-02
 -4.32011634e-01  1.67712793e-01  6.42389357e-01 -1.60847217e-01
 -6.35987580e-01  3.11710089e-02  3.29415083e-01 -1.08049273e-01
 -4.65230256e-01 -1.03940523e+00 -3.99997830e-01  9.74958599e-01
  1.06381536e+00  4.29632574e-01 -8.36744785e-01  1.65945745e+00
  2.79939353e-01 -6.21704996e-01  1.73049822e-01 -7.97242999e-01
  4.54075336e-01 -1.27502763e+00 -7.58954659e-02 -1.39783219e-01
  1.18279241e-01 -6.82499886e-01 -1.03044868e+00 -4.71874714e-01
 -2.17702970e-01 -6.15556948e-02 -3.28671560e-02  3.57557833e-03
 -5.58624923e-01 -1.13301528e+00  1.06618714e+00  1.90231726e-02
 -9.75139976e-01  3.37898374e-01  2.18621641e-01 -3.26121598e-01
 -9.49577987e-01  5.16997218e-01 -4.98618424e-01  6.16311431e-01
 -1.18188238e+00  4.53073174e-01  7.24642396e-01  3.03222299e-01
  1.10755734e-01 -5.82353473e-01 -6.95020974e-01  2.01068449e+00
 -1.12759364e+00  2.52007067e-01  7.78917134e-01  5.53050041e-01
 -4.99024391e-01  3.88178766e-01  1.16618955e+00  1.92946956e-01
 -2.50066489e-01 -1.09057868e+00 -5.88535845e-01 -1.49999440e-01
 -3.59788388e-01  1.23331559e+00 -2.03405455e-01  1.55130342e-01
 -1.02583992e+00  6.20091975e-01  8.27450216e-01  3.31892520e-01
 -4.39901710e-01  7.47546136e-01 -1.11242943e-01  2.01719582e-01
  3.49340588e-01  6.04292035e-01  6.48183748e-03  3.59654278e-02
 -5.27010858e-01 -1.82438418e-01  2.29035437e-01 -3.94906253e-01
 -6.26026332e-01  5.36067069e-01  7.01248825e-01 -4.51246470e-01
  5.47238529e-01  2.16039389e-01 -1.50602728e-01 -8.00308526e-01
  2.37652838e-01 -8.56856763e-01 -3.99220288e-01 -1.25128955e-01
 -6.00134611e-01 -9.09340382e-01 -2.80006021e-01  9.80492607e-02
 -4.73703742e-01  3.32806110e-01 -6.21234357e-01 -2.26484507e-01
 -3.16151649e-01 -4.09336329e-01  8.54650438e-01 -1.63778514e-02
 -7.72525549e-01 -1.63721418e+00 -2.58809626e-01  2.22771466e-02
  4.90929857e-02 -3.03844154e-01  8.02087665e-01 -2.37517327e-01
 -1.04680073e+00  3.29847075e-02  1.90741539e-01 -4.46099728e-01
 -7.51641989e-01  3.39709997e-01  2.82644868e-01  7.10610747e-01
 -1.48989987e+00 -2.47606397e-01  6.66949332e-01  5.26962876e-01
  1.30271876e+00 -2.16960981e-01 -4.23839062e-01  6.61368906e-01
 -3.64373326e-01 -7.11959660e-01  1.64479330e-01  1.04530406e+00
 -7.58744597e-01  8.64240646e-01 -1.51530206e-01  9.27035809e-01
  1.10294856e-01 -1.38323158e-01  6.57557070e-01 -5.67399561e-01
 -4.16049689e-01 -6.10903800e-01 -9.63253558e-01  1.06457077e-01
  1.32214820e+00  1.96675509e-01 -1.62818158e+00 -1.31036580e-01
 -1.00267148e+00  3.31822261e-02  8.99491429e-01  4.29195285e-01
 -1.24497414e-01  2.85515308e-01  4.25541103e-01 -4.16456610e-01
  1.00652921e+00 -4.18799460e-01 -4.19013113e-01  3.09991211e-01
 -1.87666267e-01 -1.76258132e-01  1.33777112e-02  1.38959491e+00
 -6.17302731e-02  6.15898490e-01  1.44993105e+01 -1.01301587e+00
  5.97285628e-01 -2.66763896e-01 -1.19514696e-01  9.91415381e-01
 -7.40636766e-01  1.23419654e+00 -7.45819509e-02 -1.09733135e-01
  1.05694532e-01  1.84190631e-01  7.00721502e-01 -5.81620038e-01
  6.09041035e-01  4.82445836e-01 -2.91152120e-01 -7.38952339e-01
 -3.91945094e-01  1.84447482e-01  3.02088886e-01  1.04016745e+00
  8.01919818e-01 -2.04880938e-01  4.57010210e-01 -3.29524517e-01
 -9.73864645e-02 -2.06606254e-01  9.48782980e-01 -3.81810129e-01
  9.38116759e-02 -1.11780143e+00  1.09697506e-02  7.14790106e-01
 -8.85817528e-01 -1.20626807e+00 -9.79305744e-01 -1.15966988e+00
  3.26714396e-01  6.29099235e-02  6.51386499e-01 -3.32523376e-01
  1.02930105e+00  1.14973629e+00  2.31697723e-01  4.31475967e-01
  2.06702620e-01 -6.94943845e-01  1.20638452e-01 -3.84100735e-01
 -1.28375816e+00  5.60105920e-01  5.26001215e-01 -4.49327119e-02
  5.52313775e-02 -4.32195365e-01 -7.05848277e-01 -1.32849768e-01
 -7.07239389e-01 -4.22323227e-01 -6.97551847e-01  1.08856052e-01
  1.19885588e+00  4.06364799e-01 -2.47756347e-01  5.65226197e-01
  6.05075777e-01  8.17473084e-02 -3.26619670e-02 -4.67001051e-01
  5.87297380e-01  7.96708092e-02  7.15635657e-01 -2.79419944e-02
 -5.83805740e-01  1.64531857e-01 -8.25763196e-02 -6.54227197e-01
 -6.34560108e-01 -4.14133608e-01 -9.39444542e-01 -3.91324073e-01
 -4.25432503e-01 -7.73200929e-01 -7.34528527e-02  5.92876151e-02
 -5.72430938e-02 -1.78476453e-01  1.78065538e-01 -4.19676721e-01
 -5.44391453e-01 -7.95210242e-01  6.67046368e-01 -9.15424824e-02
 -6.18572712e-01  6.63387835e-01  1.68627709e-01 -5.90847671e-01
 -1.35339785e+00  5.33692241e-01  4.22826797e-01 -1.21018875e+00
 -3.69168073e-01 -4.51368213e-01 -6.73767984e-01  3.22845757e-01
  9.47442412e-01  4.37550545e-01 -3.66401672e-01  2.47880042e-01
  1.90475374e-01  2.03852057e-01 -3.84150654e-01 -7.91014880e-02
 -4.47574444e-02 -1.06714380e+00 -6.10354066e-01  8.69491473e-02
  3.14714670e-01  2.51488648e-02  9.47013199e-01  5.28523505e-01
 -8.32956374e-01 -4.05843973e-01 -1.07357994e-01 -2.60684341e-01
  1.08806229e+00 -9.21786427e-01  3.52845967e-01  5.50473928e-02
 -7.15880990e-01  7.17083752e-01 -2.86182165e-01  9.16501045e-01
  1.61840916e+00  2.25258112e-01  5.76104045e-01 -4.89546597e-01
  1.32702005e+00  2.90800214e-01 -3.47793281e-01 -9.96001251e-03
 -3.94943357e-02 -3.28401864e-01  2.83963084e-01  2.84319550e-01
  5.29236615e-01 -4.62655962e-01 -1.20126569e+00  4.64995742e-01
  5.13944209e-01 -1.22527480e+00 -2.17385843e-01 -1.04779638e-01
  1.10208774e+00 -6.85902476e-01  6.15683571e-03  1.20430064e+00
  7.09477127e-01 -4.72573377e-02 -5.22039048e-02  5.98341942e-01
  1.83005527e-01 -5.64987600e-01  6.21192396e-01 -1.44520187e+00
  1.10846072e-01 -7.34032273e-01 -3.01818162e-01 -3.48155141e-01
  7.34785378e-01  2.03989282e-01  3.78755063e-01  1.26786344e-02
 -2.59414077e-01  6.92650735e-01  2.68884897e-01  4.21583474e-01
 -8.78310740e-01  4.23049688e-01 -2.19644055e-01  6.05073929e-01
  6.12454377e-02  1.77900732e-01  5.34344241e-02  5.43169796e-01
 -1.62436724e-01  3.26116048e-02 -8.41484785e-01 -1.43272221e-01
 -8.90144035e-02  8.47485960e-01 -1.79297671e-01 -8.41353834e-01
 -4.22319114e-01 -6.40243888e-01 -8.70330259e-02 -1.02981353e+00
 -1.89356953e-01 -7.37750709e-01  7.47872412e-01  5.71974158e-01
  1.08005993e-01 -4.36838508e-01 -6.36385918e-01  1.26460716e-01
 -6.62282288e-01  4.74473052e-02  5.83030820e-01  6.00970864e-01
  6.85514390e-01  1.04596198e+00  6.03863597e-01 -6.63071811e-01
  7.63734102e-01 -2.11379528e-01 -9.18505073e-01  2.68663883e-01
  2.12326974e-01  1.25710511e+00 -7.86123812e-01 -8.21112394e-01
 -2.33433455e-01  3.16025972e-01 -2.34640405e-01 -2.71446228e-01
  2.86217481e-01 -4.66768295e-02  4.17503119e-02 -2.57402599e-01
 -1.45815805e-01 -9.16952968e-01  1.39396578e-01 -7.05751657e-01
 -4.23535347e-01 -2.84773745e-02  1.34679660e-01  5.41322052e-01
  2.44760737e-01  6.00472271e-01  7.38167942e-01 -1.19894415e-01
  3.19783956e-01  5.05170114e-02  3.54989320e-02 -3.03807020e-01
 -5.45230329e-01 -6.83435857e-01  1.16859883e-01  2.08572164e-01
  3.80712807e-01  4.57315445e-01 -1.49818003e+00 -3.55157912e-01
 -3.21645737e-01 -3.85946602e-01  3.36800843e-01 -1.50249088e+00
  1.40367258e+00 -1.15554050e-01 -8.09916258e-01  2.90305674e-01
 -9.46685135e-01 -6.90512061e-01 -5.71508586e-01 -6.72797799e-01
  3.70853245e-01 -3.35855693e-01  1.29313782e-01  9.55708027e-01
  3.75230312e-01  9.11816478e-01  2.91048348e-01  1.27395511e-01
  3.35349321e-01  5.45038879e-01 -1.69115290e-01  4.27694321e-01
 -5.25615036e-01  1.21352419e-01  6.16184399e-02 -2.62913823e-01
  5.74180007e-01 -8.19013298e-01  1.42953284e-02  1.27744257e-01
  7.37354457e-02  6.65997744e-01  3.42021257e-01 -2.06436425e-01
 -6.69476151e-01  2.33498037e-01 -5.06428123e-01  3.53684649e-02
 -9.76771533e-01 -3.43184993e-02  8.34308684e-01  1.32201147e+00
 -3.85686100e-01  4.95530516e-02 -1.43169910e-01  2.02314541e-01
 -6.08365297e-01 -1.00786722e+00  3.37167978e-01 -1.23230428e-01
  1.50821805e-01 -4.61321950e-01 -1.05056375e-01  4.68049318e-01
 -3.81558388e-01 -3.17722440e-01 -1.84362113e+00  2.62243271e-01
 -1.10756791e+00 -6.22209072e-01 -7.68156409e-01 -5.58802605e-01
  1.62402913e-02  1.18685055e+00  6.29286394e-02 -4.14794743e-01
 -1.30988777e+00 -7.35124424e-02 -7.20063448e-01  7.01690793e-01
  4.42999512e-01  3.32619175e-02 -1.81050986e-01 -1.09150469e+00
 -2.82156169e-01 -2.77949482e-01 -6.61939263e-01 -8.40136036e-03
  7.07582772e-01 -2.10094690e-01  4.43074107e-03 -5.61249554e-01
 -1.21317911e+00 -4.98230964e-01  2.98230410e-01 -9.01126087e-01
  5.06718695e-01 -3.14564317e-01 -1.81001991e-01 -9.01918292e-01]",0.9999997,0.74736416,0.8215507,0.82525665
Multiple predator effects result in risk reduction for prey across multiple prey densities,"Investigating how prey density influences a prey’s combined predation risk from multiple predator species is critical for understanding the widespread importance of multiple predator effects. We conducted experiments that crossed six treatments consisting of zero, one, or two predator species (hellgrammites, greenside darters, and creek chubs) with three treat ments in which we varied the density of mayfly prey. None of the multiple predator effects in our system were independent, and instead, the presence of multiple predator species resulted in risk reduction for the prey across both multiple predator combinations and all three levels of prey density. Risk reduction is likely to have population-level consequences for the prey, resulting in larger prey populations than would be pre dicted if the effects of multiple predator species were independent. For one of the two multiple predator combinations, the magnitude of risk reduction margin ally increased with prey density. As a result, models predicting the combined risk from multiple predator species in this system will sometimes need to account for prey density as a factor influencing per-capita prey death rates.",,0.8363813,"[-4.65533465e-01 -1.43139672e+00  3.05028111e-01  3.39254916e-01
 -1.21772572e-01 -6.40964389e-01 -4.16690052e-01 -9.49301720e-01
 -4.98479009e-01 -1.48803383e-01  2.22922251e-01 -1.57274708e-01
  4.54879016e-01 -3.39104295e-01 -1.07257509e+00 -1.83319449e-01
 -2.39926291e+00  2.68842936e-01  6.85943842e-01 -9.50964332e-01
 -5.74640572e-01  1.19083613e-01 -7.03900993e-01 -6.07805327e-02
  3.11711848e-01  5.84912479e-01  6.15103208e-02  3.96826804e-01
  5.41686237e-01 -1.50954306e-01  1.30548701e-02 -3.85921568e-01
 -1.19930297e-01 -8.87393057e-02  2.46516347e-01  6.08489215e-02
  6.09752357e-01  2.73973644e-01  3.05769950e-01 -4.65678781e-01
  4.42022055e-01  8.32381725e-01  3.00495718e-02 -5.35167754e-01
  3.52132410e-01  1.02622259e+00 -4.04971093e-01  4.75707889e-01
 -2.76294500e-01  3.08129251e-01  1.84210286e-01  7.64363334e-02
  7.10450888e-01  1.17136717e+00  5.95974982e-01  5.90716898e-01
 -1.61653805e+00 -1.14979446e+00  6.55977875e-02  5.59118569e-01
 -4.71677780e-01 -5.66479683e-01  2.29559131e-02 -8.47570539e-01
  5.98935366e-01  4.56922166e-02  3.38528186e-01 -1.65999919e-01
  6.09871209e-01  1.11233962e+00 -1.93805814e-01  8.28352153e-01
 -1.54508173e+00 -6.19054556e-01 -2.34518602e-01 -1.45076185e-01
  6.63339257e-01  8.31352115e-01 -1.06038883e-01 -1.98644608e-01
  2.12721691e-01 -3.09418619e-01 -2.96782106e-01  1.41364157e-01
  7.73376584e-01  1.01429984e-01 -5.55300236e-01  9.67822433e-01
  8.99063826e-01  8.51444542e-01 -2.44805187e-01 -3.73522818e-01
  1.92278624e-01  1.29334009e+00  2.73359030e-01 -4.30048257e-02
  6.42594337e-01  5.96920475e-02  2.45820373e-01  4.59960818e-01
 -9.64195490e-01 -3.11760046e-03  2.08038226e-01 -2.33008385e-01
 -5.54808974e-02  2.93617528e-02 -3.81503791e-01 -8.13300371e-01
 -1.92495644e-01  2.25396246e-01  5.98023951e-01 -1.53543878e+00
 -2.28269339e-01  5.45193136e-01  2.67239451e-01 -4.03174274e-02
 -1.27174675e-01 -4.97231036e-01 -8.38278472e-01  1.25548124e+00
  2.06907377e-01  1.08160451e-01 -3.44550163e-02 -5.36846630e-02
  1.84522241e-01  5.94312429e-01 -3.16797704e-01  3.44052285e-01
  4.68996167e-03  2.28594631e-01 -9.53106582e-02 -2.76404083e-01
  2.74626136e-01 -4.74692106e-01 -1.63642913e-01 -1.27191275e-01
 -8.70837271e-01  2.69238621e-01  3.43253195e-01  9.89902020e-01
  4.12334800e-01  7.05747008e-02  6.69621110e-01 -3.11483800e-01
  2.15943903e-03  4.74043578e-01 -1.35582983e-01 -1.44615710e+00
  2.07782641e-01 -4.41068053e-01 -1.09632045e-01  2.72552297e-02
 -1.00220394e+00  2.15651616e-02 -9.13671851e-01  6.55642617e-03
 -1.33751780e-01 -4.79067445e-01 -4.75667834e-01  7.97244370e-01
 -2.56114036e-01  4.84600395e-01  1.19196868e+00  1.27929062e-01
  5.17380178e-01 -5.72031379e-01  8.43130946e-01  4.41096216e-01
 -5.41457057e-01  5.86467981e-01  3.57853144e-01  4.12503332e-01
  4.32689071e-01  7.73817122e-01  3.73561203e-01 -9.32210684e-01
  2.59244628e-02 -7.77783468e-02 -2.56558537e-01  5.09988546e-01
 -5.51717639e-01  1.21504799e-01  8.39908063e-01 -9.56998229e-01
  1.13728218e-01 -5.49121022e-01  6.42433703e-01  5.44604063e-01
  7.57782161e-01  2.02191874e-01  5.55189013e-01  1.72259659e-01
  6.15168989e-01  1.07747108e-01 -5.83920240e-01 -2.68777013e-01
 -5.26661575e-01  8.93770516e-01 -5.09237468e-01  6.83223069e-01
  5.60808539e-01  5.51930189e-01 -8.79440963e-01 -9.02600586e-03
 -6.31661654e-01 -2.19109684e-01  2.94279009e-01 -3.85998309e-01
  5.21996975e-01 -2.87521064e-01 -2.54524171e-01  3.18948537e-01
 -8.19851398e-01  5.99291146e-01 -5.71076453e-01  2.44794518e-01
 -7.39165366e-01 -4.53945622e-03  1.07811344e+00  7.77138233e-01
 -5.19638583e-02  1.22708328e-01  9.26987290e-01 -9.11129177e-01
 -3.92564058e-01  2.43842602e-03  7.01205254e-01 -7.40921259e-01
 -4.96170610e-01  6.03839099e-01  7.34924898e-02 -4.96386766e-01
  3.48721743e-01 -6.34421885e-01  2.43924946e-01 -4.24307704e-01
  2.56530523e-01 -2.78074682e-01  5.83135009e-01  1.09871638e+00
 -8.60172212e-01  2.09709108e-01  1.41384557e-01  2.22483233e-01
 -6.19116962e-01 -5.22604585e-01 -2.25917086e-01  6.02147914e-02
  1.16607785e-01  6.32534087e-01 -9.49117422e-01 -4.87616241e-01
 -2.26346403e-01  5.68403423e-01  2.79162526e-01  2.99115386e-02
 -5.89181244e-01 -4.35436994e-01  5.12600422e-01 -8.23511854e-02
 -1.35388181e-01 -8.71639132e-01 -4.25849110e-01  8.69198322e-01
  5.53069353e-01  3.25172573e-01  5.28218210e-01  1.11782300e+00
  4.60577190e-01 -4.17808533e-01  4.15300637e-01 -5.49443662e-01
 -2.17736736e-02 -9.62650836e-01  6.91892087e-01  5.24785995e-01
  3.11675996e-01 -2.44997263e-01 -1.40124297e+00 -1.12568781e-01
 -3.75764966e-02 -5.81489742e-01 -2.77324766e-01  5.59606433e-01
  1.42416418e-01 -1.37261689e+00  4.18677956e-01 -1.10144034e-01
 -1.07617736e+00  4.91797566e-01  1.35553405e-01 -7.92453110e-01
 -3.57066020e-02  7.20853508e-01 -2.90086567e-01  5.14042675e-01
 -4.97590244e-01 -1.91984236e-01  5.07716417e-01 -3.55530709e-01
  3.43604833e-01 -2.60550231e-01 -3.41583759e-01  1.38471472e+00
 -4.64715928e-01 -5.65765977e-01  9.00974751e-01 -2.73355898e-02
 -5.06657898e-01  5.88344276e-01  1.21359169e+00 -6.49516821e-01
  4.14786577e-01 -4.81109351e-01 -4.82816339e-01 -1.72204256e-01
  1.05088919e-01  9.61667001e-01 -1.53352648e-01 -2.03888729e-01
 -1.04873466e+00  6.33114636e-01  1.61539212e-01  1.98944341e-02
 -6.91560030e-01  1.01581597e+00  3.27100575e-01 -1.72912180e-01
  1.81824774e-01 -1.59530789e-01  3.46817553e-01 -3.20616394e-01
 -3.95225823e-01  2.97987103e-01 -2.19642743e-01 -1.42535746e-01
 -5.41624188e-01 -3.14845562e-01  8.15606356e-01 -5.01617849e-01
  5.97733915e-01  3.24091017e-01  3.53668272e-01 -2.76886851e-01
 -1.55929700e-02 -9.62314069e-01 -5.79082370e-01  1.67270169e-01
 -7.17847943e-01 -7.68839777e-01  7.08374977e-01  5.58346391e-01
 -2.85355866e-01 -6.02084637e-01 -6.46328688e-01 -1.17815840e+00
 -8.13150853e-02 -1.18270648e+00  5.36561787e-01 -4.64485347e-01
 -5.44252872e-01 -4.73553121e-01 -1.06397785e-01 -5.51504679e-02
 -1.18546650e-01 -9.90373082e-03  1.27563059e-01  3.34032714e-01
 -4.71174955e-01 -3.56182516e-01 -7.62142479e-01 -1.00621665e+00
 -2.07151607e-01  6.51209354e-01  2.06611037e-01  2.01879427e-01
 -4.70998734e-01 -1.53904289e-01  6.42856419e-01  1.92803405e-02
  8.99493158e-01 -6.62972510e-01 -3.07478189e-01  2.56404728e-01
 -3.90998125e-01 -1.36211231e-01 -6.12868011e-01  4.55105633e-01
  2.99988896e-01  1.21841632e-01  1.47698388e-01  6.24754369e-01
 -1.85793005e-02  2.07014918e-01 -1.09295420e-01 -3.44173014e-01
 -5.02240360e-01 -4.02064413e-01 -3.15610677e-01 -1.54650629e-01
  8.52948546e-01 -1.82098716e-01 -1.07011580e+00 -2.17447385e-01
 -7.62073934e-01 -4.85152632e-01  8.88165712e-01  1.94245011e-01
  2.68863678e-01  3.23360920e-01 -3.85598421e-01 -1.05432905e-01
  1.19856095e+00  8.66041034e-02 -1.04231918e+00  6.91211075e-02
  4.09596533e-01 -6.88165605e-01  4.30267572e-01  1.53388989e+00
 -6.01766169e-01  1.13965459e-01  1.55944118e+01 -9.84961331e-01
  5.57422303e-02 -5.07378757e-01 -2.55292654e-01  1.38580275e+00
  1.94457784e-01  5.41518450e-01 -9.07942414e-01  4.70657051e-02
  5.93494773e-01  3.61350179e-01  3.54314446e-01 -5.33966869e-02
  2.47005954e-01 -8.45024407e-01  9.48042423e-03 -5.21248519e-01
 -7.59757087e-02 -1.28847972e-01 -6.28993213e-01  2.30453610e-01
  5.44168770e-01 -2.14986682e-01 -1.98131874e-01 -3.31658065e-01
  5.68262748e-02  2.21921250e-01  6.78707957e-02 -4.62865472e-01
  3.12676072e-01 -6.54526770e-01  1.88407302e-01  4.85578775e-01
 -8.44073474e-01 -8.34431827e-01 -4.28994507e-01 -7.25053191e-01
  1.20471634e-01  1.88239053e-01 -4.53217804e-01 -1.50097811e+00
  1.90022850e+00  6.32470250e-01  3.97047587e-02  8.89411211e-01
  7.39474520e-02  1.19832419e-02 -1.35817957e+00 -2.96688527e-01
 -1.04056478e+00  1.23203373e+00  2.75223672e-01 -2.30141640e-01
  2.14081138e-01 -1.95075795e-02 -2.95072496e-01 -7.52501905e-01
 -3.24710131e-01 -6.30282581e-01 -9.98796582e-01 -1.47496790e-01
 -2.64023513e-01 -4.52725172e-01 -2.06424028e-01  6.68513238e-01
  6.72748536e-02 -2.14595497e-01  4.77997325e-02 -3.99738550e-01
  6.52259588e-02  6.90799832e-01  9.55493033e-01  6.35985136e-01
 -4.19807106e-01  8.59676078e-02  4.69596907e-02 -1.40302420e+00
 -1.18581140e+00  2.28329197e-01  1.45960636e-02  1.30195796e-01
 -2.97721058e-01 -7.28076279e-01  4.79244322e-01  2.75482684e-02
  2.06007719e-01  1.33956537e-01  5.67390956e-02 -2.47152805e-01
 -1.09727859e+00  4.88073885e-01  1.18326247e-01  1.56993181e-01
 -2.09344923e-01  6.59278274e-01  6.70113266e-02 -4.63424057e-01
 -1.42911923e+00  5.64923048e-01 -2.22042240e-02 -1.33499646e+00
 -2.31402010e-01 -3.86668667e-02 -2.88622826e-01  8.65141392e-01
  5.46642184e-01  9.15558413e-02 -7.67319262e-01 -6.57878637e-01
  1.27471894e-01  1.23985991e-01 -4.14739609e-01  3.78830522e-01
  4.49134618e-01 -1.92957789e-01 -6.82981491e-01 -2.38382474e-01
  2.92242527e-01  8.99580941e-02  1.13616490e+00  1.88920543e-01
  1.64894853e-02  1.59710810e-01 -2.89538354e-01  6.04720600e-02
  9.49773729e-01 -1.90198809e-01  5.58716476e-01 -3.79864007e-01
 -6.32389009e-01  5.87256670e-01 -1.15922019e-01  8.19511771e-01
  9.91592467e-01  1.96656048e-01  1.15899198e-01 -7.19567180e-01
  1.03451371e+00  2.81156115e-02 -7.73428559e-01  1.40560269e-01
 -1.89727649e-01  6.65428162e-01  3.04811150e-02  1.37206540e-01
  1.93214178e-01  2.85742879e-01 -5.00636876e-01  9.38271165e-01
  1.26488972e+00 -6.43979907e-01  1.65905029e-01 -2.66400516e-01
  7.71762669e-01 -1.51854739e-01 -7.60247290e-01  8.92835379e-01
  7.23056078e-01  2.10394472e-01 -2.17619300e-01  7.15748608e-01
  4.25651073e-01  3.90978873e-01  5.58086336e-01 -7.15185940e-01
  5.20255715e-02 -2.79674947e-01 -7.26850748e-01 -1.12038299e-01
  1.17886581e-01 -1.93532243e-01  6.61815286e-01  1.19255948e+00
 -3.99974972e-01  6.51741922e-01  4.19473886e-01  7.63807297e-01
 -8.79520476e-01  5.27875245e-01  3.06046873e-01  4.03525651e-01
  3.49191343e-03  6.49778008e-01  4.75939721e-01 -2.96152413e-01
 -3.25090379e-01  1.59707323e-01 -3.10754597e-01  6.77115500e-01
  3.10882926e-03  8.69697854e-02 -3.76781046e-01 -9.99812007e-01
 -1.40648484e-01 -1.83377028e-01  2.37362236e-01 -7.00983942e-01
 -7.86046535e-02 -8.54986489e-01  8.02788615e-01 -4.17258143e-01
 -4.29597273e-02 -1.05108607e+00 -1.16775736e-01 -9.26336586e-01
 -4.64743495e-01 -3.34644675e-01  7.87422657e-01  2.37271100e-01
  6.73499167e-01  9.51036155e-01  1.01044297e-01 -1.03059447e+00
  4.44613487e-01 -3.67566347e-01 -1.28759813e+00  1.39850885e-01
  1.42322317e-01  1.16704869e+00  1.21341825e-01 -2.66004503e-01
 -3.36856842e-01  1.25344306e-01 -1.04785003e-01 -4.76618782e-02
  2.99515128e-01  2.93756202e-02  1.00825027e-01 -4.13094908e-01
 -4.67003644e-01 -6.06652975e-01 -1.56706795e-02 -3.66750449e-01
 -7.26645589e-01  5.38949728e-01  2.55494773e-01  6.34040833e-01
  1.43774748e-01  3.83262187e-01  6.30292892e-01  8.66183758e-01
  8.68107677e-01 -1.92191601e-02  1.84564739e-01 -4.07435745e-02
  5.55184305e-01 -3.60671163e-01  6.50529206e-01 -7.50865862e-02
  1.92314282e-01  1.01649880e+00 -4.00080025e-01 -8.77583385e-01
 -3.83423507e-01 -7.73601294e-01  1.09650247e-01 -7.25848973e-01
  1.31710207e+00  7.99403071e-01  4.29702848e-01  5.75884044e-01
 -3.54952753e-01 -4.96394068e-01 -5.23936093e-01 -4.13020670e-01
 -4.67047274e-01 -6.82468295e-01  5.83131433e-01  6.00588202e-01
 -2.11419821e-01  1.42354324e-01  4.86574441e-01 -6.05414927e-01
 -1.32218987e-01  7.63738215e-01  2.91432858e-01  8.68137300e-01
  4.21547890e-03  6.05021060e-01 -8.94577503e-01 -5.36783934e-01
  7.86278903e-01 -1.07667458e+00  1.56029835e-01  1.80266768e-01
 -1.01815671e-01  1.81251332e-01  1.28398252e+00  5.05495071e-01
  6.39443547e-02  3.90350640e-01  4.88667637e-01 -2.93288708e-01
 -2.47364730e-01 -5.22268772e-01  4.70621884e-01  1.30557522e-01
 -5.17129123e-01  3.50363329e-02  7.21580535e-02 -2.88816169e-03
 -1.56114429e-01 -7.78032660e-01  1.73894867e-01  3.19882631e-02
  5.09254560e-02  1.16529100e-01  1.85924605e-01  1.85757542e+00
 -2.45190933e-01 -4.39808607e-01 -1.44287336e+00  3.55017036e-01
 -8.80398273e-01  1.36510611e-01 -5.06271720e-01 -7.31966674e-01
 -2.96064138e-01 -1.05405845e-01 -6.68159604e-01 -5.76800346e-01
 -7.89517283e-01  2.11265951e-01 -1.45427585e-01  3.03766340e-01
 -2.38316089e-01 -1.99808881e-01  3.94057721e-01 -8.63102078e-01
 -3.18013489e-01 -1.72507972e-01 -4.89687324e-01 -1.63997725e-01
 -4.51949835e-01 -6.14260375e-01  4.69554037e-01  1.64339393e-01
 -7.22015858e-01  3.62471566e-02  1.08057506e-01 -6.81133449e-01
  4.52690125e-01 -7.44155228e-01 -7.08346307e-01 -7.57914186e-01]",0.82525665,0.7933935,0.72687495,0.99999994
Higher-Order Interaction between Species Inhibits Bacterial Invasion of a Phototroph-Predator Microbial Community,"The composition of an ecosystem is thought to be important for determining its resistance to invasion. Studies of natural ecosystems, from plant to microbial communities, have found that more diverse communities are more resistant to invasion. In some cases, more diverse communities resist invasion by more completely consuming the resources necessary for the invader. We show that Escherichia coli can successfully invade cultures of the alga Chlamydomonas reinhardtii (phototroph) or the ciliate Tetrahymena thermophila (predator) but cannot invade a community where both are present. The invasion resistance of the algae-ciliate community arises from a higher-order interaction between species (interaction modification) that is unrelated to resource consumption. We show that the mode of this interaction is the algal inhibition of bacterial aggregation, which leaves bacteria vulnerable to predation. This mode requires both the algae and the ciliate to be present and provides an example of invasion resistance through an interaction modification.",,0.8266417,"[ 6.82379961e-01 -6.03526413e-01  9.31387782e-01 -2.76034474e-01
  2.27850139e-01 -6.65813267e-01 -2.75514603e-01  1.58465534e-01
  4.16805148e-01 -2.86608666e-01  9.34908390e-01 -2.48308733e-01
  2.50952333e-01 -2.30423331e-01 -5.41965663e-01 -5.76372683e-01
 -1.74447644e+00 -4.33206648e-01  2.23431557e-01 -1.45482528e+00
 -7.97806084e-02  6.67306706e-02  7.54100621e-01  2.08440080e-01
  3.86869043e-01  4.22120482e-01  6.10223651e-01  5.97340763e-01
  4.35659945e-01 -9.42418337e-01 -3.62033725e-01 -5.64014018e-02
 -1.07843101e-01 -1.24366295e+00 -1.41053408e-01 -7.97512174e-01
 -1.06973000e-01 -3.11599299e-03  1.76260650e-01  9.69722331e-01
 -1.00387447e-02  9.84615147e-01  6.34442031e-01 -1.07460424e-01
  5.82435429e-01 -9.73319188e-02 -1.55651301e-01  7.23011017e-01
 -8.84509683e-02 -8.87061656e-02  6.81055248e-01  9.46201861e-01
  5.61430752e-01  6.58501506e-01 -1.60434470e-02  7.71977007e-01
 -2.01548409e+00 -4.62701172e-01 -3.60872239e-01 -4.88461703e-01
 -9.71946061e-01  5.41056395e-01  2.53658086e-01 -8.01203191e-01
  7.16403365e-01 -4.33971554e-01  3.59943748e-01  3.20907056e-01
  4.50157881e-01  5.04199743e-01 -3.85396600e-01  3.45902085e-01
 -1.47724640e+00 -1.23122203e+00 -2.00766936e-01  4.89209235e-01
  1.22945547e+00  1.50388002e+00 -3.19109336e-02 -2.25773245e-01
  1.03047514e+00 -2.70014673e-01 -2.14214444e-01  2.35928804e-01
  3.11677665e-01  3.49538103e-02 -4.02756780e-01  2.22620070e-01
  2.31578723e-01  1.87168568e-01 -8.92924368e-01 -1.23670435e+00
  7.72251368e-01  5.73620021e-01  1.03394175e+00 -3.30526024e-01
  6.74776554e-01 -3.07019979e-01  7.80893862e-01  6.97125793e-01
 -8.80306780e-01 -4.26528841e-01  4.51278448e-01  2.50667781e-01
  2.32481167e-01  3.45092058e-01 -3.11575234e-01 -3.31957698e-01
 -5.47214925e-01  1.02223718e+00  1.88642815e-01 -9.11617696e-01
 -6.00655079e-01  1.16940594e+00  6.38952732e-01  1.03607821e+00
  1.66205212e-01  1.42552197e-01  9.76904482e-02  1.24471223e+00
 -1.19154274e-01 -1.56025618e-01  1.79055408e-01  6.12396419e-01
  6.80385590e-01  1.22741139e+00 -5.55051923e-01 -7.35574007e-01
  1.47354925e+00  3.66550118e-01 -7.24821746e-01 -3.79118383e-01
  3.37029636e-01  5.12494385e-01 -6.85836077e-01  4.72340673e-01
 -6.84009492e-01  1.08878899e+00  1.07698035e+00  1.03629327e+00
 -3.76394212e-01 -1.11980820e+00 -5.87807775e-01  4.29457009e-01
  1.16230643e+00  1.74809977e-01  2.89027452e-01 -1.47799337e+00
  3.02188158e-01  9.46050107e-01  1.34471476e-01  9.59481224e-02
 -9.71331835e-01 -3.20467770e-01 -4.88740742e-01 -1.33169234e+00
  7.51003981e-01 -4.62800026e-01 -1.42485350e-01  1.34400114e-01
 -1.74594551e-01 -3.62780303e-01  1.31491971e+00  1.64219230e-01
 -1.06935419e-01 -4.45564985e-01  4.94889259e-01 -5.11631489e-01
 -8.09172392e-01  5.45575134e-02  1.01663506e+00  5.58631420e-01
  1.05817270e+00  9.51190352e-01 -3.88062745e-01 -7.71790504e-01
  3.56592238e-01 -1.81428552e-01 -1.52849495e+00 -4.93157089e-01
 -1.14200306e+00  5.22307456e-01  8.84614646e-01 -1.01598155e+00
 -7.67170116e-02  1.96318030e-01  8.43962610e-01 -1.73802435e-01
 -1.28188655e-01 -5.89675307e-02 -2.09606543e-01 -9.35482010e-02
  9.86259103e-01  9.60628092e-02 -8.02222788e-02 -1.11841731e-01
 -9.94274616e-02  7.53498137e-01 -5.39363503e-01  1.86791420e-01
  5.65428376e-01  7.32361317e-01 -6.96949780e-01 -9.08518583e-02
 -1.49916053e-01  4.80657011e-01  1.56769544e-01 -5.23518920e-01
  8.59149694e-01 -2.78646260e-01 -8.32454562e-01  1.63353279e-01
 -1.18200183e-01  1.42205942e+00 -4.48550552e-01 -5.64572215e-03
 -9.07376647e-01  4.70207423e-01  4.44334149e-01  1.05044973e+00
  1.86470032e-01 -3.11632365e-01  6.00831985e-01 -1.55576921e+00
 -1.11497486e+00 -2.57826000e-01  1.38822651e+00 -9.90241706e-01
 -5.46534121e-01 -3.21359932e-01 -1.66092396e-01 -9.86789942e-01
  1.72660708e-01 -3.88841152e-01 -2.65984647e-02 -9.36275661e-01
  1.09854472e+00  6.56737566e-01  1.42417026e+00  8.16210926e-01
 -6.63750529e-01 -4.72227037e-01 -3.63146454e-01  5.04067957e-01
 -8.80042732e-01 -6.75560892e-01  5.98881580e-02  3.61556768e-01
  1.69255483e+00  7.83493742e-02 -6.45139739e-02 -1.53050631e-01
 -5.87280512e-01  2.64713198e-01  6.71900213e-01  1.79585844e-01
 -3.23832363e-01  5.97872317e-01  5.08606255e-01  1.54375806e-01
 -2.36159533e-01 -5.25259018e-01  2.41095006e-01  7.64037371e-01
  1.45064104e+00  4.14519429e-01 -9.43599164e-01  6.51507437e-01
  1.84994817e-01 -1.59612089e-01  1.22978374e-01 -5.79953790e-01
  4.49636817e-01 -1.54570591e+00  2.11184382e-01  1.28723562e-01
  6.40352845e-01 -2.00548142e-01 -6.01863503e-01 -1.85795724e-01
 -1.12396252e+00 -2.20036328e-01 -2.40070343e-01 -1.73164099e-01
 -4.19682264e-01 -3.27710360e-01  1.60526037e+00  3.02849531e-01
 -4.46495444e-01  4.97424841e-01 -8.29765722e-02 -2.45238051e-01
 -1.07966161e+00 -1.63304746e-01  8.54879618e-04 -9.37190652e-02
 -6.35896921e-01  1.35955766e-01  9.14984882e-01  6.66939020e-01
  7.95394659e-01 -7.43828416e-02 -6.11548200e-02  1.00469196e+00
 -7.31104195e-01  9.10553277e-01  5.20667613e-01  6.43121421e-01
 -4.84333485e-01  3.66816550e-01  5.68001032e-01  2.35218629e-02
 -7.53910840e-02 -9.94454920e-01 -7.35976934e-01 -6.22769833e-01
  3.18578243e-01  1.60516632e+00 -6.00550592e-01 -4.68732655e-01
 -1.06787181e+00  1.29151917e+00  3.63165766e-01  2.14009598e-01
 -4.23553765e-01  1.67973176e-01 -7.66360164e-02 -1.89066365e-01
  6.15935206e-01  9.86221075e-01  1.41499609e-01 -6.15464211e-01
 -9.07674015e-01 -7.81552970e-01 -1.80020809e-01 -5.62533617e-01
 -6.84962690e-01  1.16836393e+00  5.79472125e-01 -9.30732369e-01
  4.41951245e-01  2.35618919e-01  6.81732178e-01 -4.66312498e-01
  8.59229684e-01 -4.09517378e-01 -1.15748799e+00 -1.25772738e+00
 -6.68105304e-01 -8.93358111e-01  2.56114453e-01  1.84824049e-01
 -6.45835638e-01 -2.52533495e-01 -5.06057799e-01 -6.86060488e-01
  3.58105987e-01 -1.05438685e+00  7.84045994e-01 -4.32946235e-01
 -2.59927511e-01 -9.93512928e-01  8.22828263e-02  4.25776184e-01
 -4.94473428e-02  1.09443337e-01  3.53388548e-01  5.12858629e-02
 -1.32264400e+00 -1.67115718e-01 -5.47517836e-01 -6.51882887e-01
  3.05790722e-01  1.03448756e-01  8.29201102e-01  5.89918613e-01
 -1.22398627e+00 -2.16871411e-01  8.43241274e-01  4.71575558e-01
  8.47282648e-01 -7.64727771e-01 -1.34035075e+00  7.02176243e-04
 -3.93657908e-02 -3.25506717e-01  1.10332802e-01  1.65806413e+00
 -2.67773032e-01  1.94705397e-01 -8.29089522e-01  5.78506649e-01
 -5.79697311e-01  2.16512889e-01  9.44029212e-01  2.60898143e-01
 -3.64360839e-01  4.99006569e-01 -5.84799170e-01 -3.74666959e-01
  7.15810180e-01 -2.03550786e-01 -8.10830832e-01 -1.78377330e-01
 -8.74259114e-01  9.66410816e-01  1.45651996e+00  4.40729827e-01
 -7.19504803e-02  6.00034773e-01  4.22572017e-01  2.65382141e-01
  4.66680497e-01 -8.37174654e-01 -2.90863961e-01  6.65361881e-01
  8.76107141e-02  1.91244572e-01 -3.64196151e-01  1.63913429e+00
 -4.30532873e-01  3.57433200e-01  1.36594248e+01 -1.02036595e+00
 -5.89050412e-01  2.65450209e-01 -3.62348050e-01  3.38009924e-01
  7.97667354e-02  6.51257396e-01  1.36592239e-02  2.22147882e-01
 -2.97521472e-01 -7.58873701e-01  5.16099632e-01 -8.22498381e-01
  2.14052305e-01  4.49973315e-01  4.11906391e-01 -4.56821859e-01
 -4.62065220e-01 -5.71833909e-01  1.02697954e-01  1.09698689e+00
  6.06765747e-01 -2.54143566e-01  1.30434539e-02 -4.58497584e-01
  3.62508446e-02 -2.50816345e-01  4.30606544e-01 -4.44290102e-01
 -3.59489173e-01 -1.43456352e+00 -7.28617787e-01  3.96401107e-01
 -4.27094162e-01 -1.87078547e+00 -1.29198596e-01 -1.04097080e+00
  8.21926773e-01 -9.32095014e-03 -4.88653690e-01 -6.08347058e-01
  9.56549764e-01  2.81941831e-01  8.67293775e-01  6.93253875e-01
  7.47504711e-01 -8.05933774e-02 -6.91823483e-01 -5.10483444e-01
 -9.38146710e-01  6.04676157e-02  8.09981942e-01  4.19727802e-01
 -2.27486521e-01  7.23991036e-01 -8.58579457e-01  8.80081132e-02
 -6.94718122e-01 -1.33277208e-01 -4.09567684e-01 -2.86325544e-01
  8.39566231e-01  2.92011231e-01 -2.32127920e-01  1.42667794e+00
 -5.88444531e-01  3.88229221e-01 -3.15369517e-01 -3.87844294e-01
  1.22626352e+00 -2.12960094e-01 -6.16886675e-01 -1.26776516e-01
  3.17407578e-01  2.34989852e-01 -7.61818886e-02 -3.55524898e-01
 -9.35456038e-01  4.06551987e-01 -1.31520522e+00 -7.72627652e-01
  1.84004456e-02 -1.36932731e+00  1.54740363e-01 -6.61908090e-01
  1.89601332e-01 -5.58957309e-02 -5.24946570e-01  5.14759421e-01
 -6.92645431e-01 -1.32922459e+00 -3.66824687e-01 -2.26637945e-01
 -7.72516429e-01  6.34938240e-01  6.42890990e-01  6.28560960e-01
 -1.13426340e+00  1.97949633e-01 -6.84900135e-02 -3.58738452e-01
  1.11371800e-02 -4.34054166e-01 -7.57348359e-01  3.16940397e-01
  3.91394347e-01  3.10916483e-01  3.81612867e-01 -1.89683124e-01
  6.82253987e-02 -3.54773432e-01  3.51770110e-02 -2.81026214e-01
 -2.33649388e-01 -7.16453910e-01 -1.21981645e+00 -5.80810547e-01
  7.31386840e-02 -6.50460839e-01  9.03066456e-01 -6.97335482e-01
 -1.00697494e+00 -8.33269358e-01 -3.72499228e-01 -3.38108391e-01
  1.03540409e+00 -1.45861451e-02  5.44274628e-01  5.22537351e-01
 -3.01763266e-02  1.14774430e+00  5.00643790e-01  1.14929509e+00
  1.16135395e+00 -1.74219668e-01  7.02049792e-01 -7.70030200e-01
  1.07681584e+00 -6.77604437e-01 -4.82223213e-01  7.13849515e-02
  4.97802526e-01 -6.43118739e-01  2.20262066e-01 -6.57074273e-01
  9.17742491e-01 -1.36369094e-01 -8.83346498e-01 -2.64383733e-01
  1.17031097e+00 -3.50307643e-01 -7.05590725e-01 -8.24725151e-01
  3.54588598e-01  6.00945838e-02 -1.00980401e+00  6.37246013e-01
 -1.29604205e-01  5.36547720e-01  2.38936648e-01  1.05701149e+00
  1.29233330e-01 -3.59316945e-01  4.87488300e-01 -1.03697562e+00
  4.68097292e-02 -6.33459091e-01 -1.03986189e-01 -9.40722764e-01
  6.93025470e-01  8.20202380e-02  7.51461089e-01 -5.81227362e-01
 -4.99339074e-01  9.62561965e-01 -1.98888808e-01  3.79626095e-01
 -4.34156179e-01 -3.25766146e-01 -5.20365596e-01  3.46800119e-01
 -2.42056146e-01 -6.72297925e-02 -5.37798941e-01  2.61146009e-01
 -3.91277432e-01  3.31134796e-01 -7.06716597e-01 -4.79332715e-01
 -1.37455165e-01 -2.50234827e-02  7.07316399e-02 -5.75015306e-01
 -1.79897770e-01 -8.61022890e-01 -7.37256110e-02 -1.49594796e+00
  2.91047990e-01  2.56167412e-01  7.39000916e-01  2.43173599e-01
  1.23896468e+00 -1.97559491e-01 -7.21979976e-01  1.14820123e+00
 -2.85962969e-01  1.47628054e-01  4.65296835e-01  9.09159601e-01
  6.90621376e-01  1.08390272e+00  1.02622402e+00 -4.98066664e-01
  8.44816864e-01 -1.23334885e+00 -1.11289585e+00 -6.50400877e-01
  2.96307772e-01  1.93042827e+00 -1.28433442e+00 -4.17842269e-01
 -2.85247087e-01 -3.82214487e-01 -9.99871790e-01 -4.52937454e-01
  6.49776220e-01 -3.71948689e-01  1.81904465e-01 -4.98626381e-01
  7.92501569e-01 -8.09333801e-01 -3.68815422e-01  2.37669900e-01
 -2.95000941e-01  2.17136547e-01  6.79611683e-01  5.52170873e-01
 -1.22107363e+00 -1.20954134e-01  4.84607339e-01  3.07751805e-01
  2.28536487e-01  8.28954950e-02  6.60707176e-01  3.78977448e-01
 -9.59414363e-01 -2.16890238e-02 -3.39833610e-02 -2.12628692e-01
  6.36321306e-01  6.02302849e-01 -1.34086394e+00 -1.30976960e-01
  3.12511086e-01 -2.31087685e-01 -3.30647439e-01 -1.32956016e+00
  8.35523367e-01 -3.24126989e-01 -1.96033895e+00 -6.68483973e-03
 -9.06123579e-01 -1.01212025e+00 -1.93599284e-01 -1.22887135e+00
 -7.08873793e-02 -4.82652754e-01  2.88974643e-01  5.90924442e-01
  1.33318886e-01  9.84412670e-01  5.99946439e-01  6.06837153e-01
 -1.61455423e-01  2.48984560e-01 -2.14008182e-01  5.78510761e-01
 -6.59517348e-01 -1.33430913e-01  6.15391612e-01  5.08990884e-03
 -8.66709426e-02 -1.44274056e+00 -6.07142389e-01  1.14960268e-01
 -7.22029135e-02  5.11945188e-01  5.02200544e-01  4.44120497e-01
 -3.81609440e-01 -5.75853810e-02 -5.86189389e-01 -4.48958687e-02
 -5.32546580e-01  2.37038553e-01  2.94601828e-01  8.32563877e-01
 -5.47292471e-01  3.07956398e-01 -1.54328078e-01  1.06483318e-01
  7.01210558e-01 -8.01106155e-01  1.95544034e-01  1.50852096e+00
  8.32290471e-01 -1.05592221e-01  3.35819960e-01  1.08858383e+00
 -7.76768982e-01 -3.93442437e-02 -1.86890376e+00 -1.67666733e-01
 -8.34680200e-01 -8.06096017e-01 -3.48616242e-01 -1.13760069e-01
  7.80230045e-01  7.32121170e-01 -2.39963114e-01 -5.56487255e-02
 -5.50194383e-01 -8.64973068e-02 -3.49333137e-01  7.63468027e-01
  1.65071443e-01  6.40028656e-01 -6.07339859e-01 -9.11460161e-01
 -4.27497141e-02  3.48434865e-01  1.59505263e-01  8.85161936e-01
  6.71149671e-01  7.53171742e-01  4.01666045e-01 -1.97367996e-01
 -4.55906957e-01 -1.04399368e-01  7.33423889e-01 -1.03998804e+00
  1.08931661e+00 -9.69684660e-01 -6.20142698e-01 -2.17670247e-01]",0.8215507,0.7581413,1.0,0.72687495
EFFECTS OF TOP PREDATOR SPECIES ON DIRECT AND INDIRECT INTERACTIONS IN A FOOD WEB,"Current theory on trophic interactions in food webs assumes thatecologically similar species can be treated collectively as a single functional unit such as a guild or trophic level. This theory implies that all species within that unit transmit identical direct and indirect effects throughout the community. We evaluated this assumption by conducting experiments to compare the direct and indirect effects of three top-predator species, be longing to the same hunting spider guild, on the same species of grasshopper and on old field grasses and herbs. Observations under field conditions revealed that each spiderspecies exhibited different hunting behavior (i.e., sit-and-wait, sit-and-pursue, and active hunting) and occupied different locations within the vegetation canopy. These differences resulted in different direct effects on grasshopper prey. Grasshoppers demonstrated significant be havioral (diet) shifts in the presence of sit-and-wait and sit-and-pursue species but not when faced with actively hunting species. Grasshopper density was significantly reduced byspider species that occupied lower parts of the vegetation canopy (sit-and-pursue and actively hunting species), but it was not significantly reduced by the sit-and-wait spider species that occupied the upper parts of the canopy. These direct effects manifested themselves differ ently in the plant trophic level. The sit-and-wait spider caused indirect effects on plants by changing grasshopper foraging behavior (a trait-mediated effect). The sit-and-pursue spider caused indirect effects by reducing grasshopper density (density-mediated effects); the effects of changes in grasshopper behavior were thus not reflected in the plant trophic level. The actively hunting spiders had strictly density-mediated indirect effects on plants. The study offers mechanistic insight into how predator species within the same guild can have very different trophic effects in food webs. Thus classical modeling approaches that treat all predator species as a single functional unit may not adequately capture biologically relevant details that influence community dynamics.",,0.8247248,"[-8.96527052e-01 -7.47918606e-01 -2.50125974e-01  7.44206458e-03
  3.47786576e-01 -5.68900645e-01 -6.05835974e-01  6.52026534e-02
 -3.27773929e-01 -2.80710012e-01  6.55412197e-01  3.61206770e-01
 -6.20737195e-01 -6.34485245e-01 -4.99100462e-02 -4.91001368e-01
 -9.66747105e-01 -8.49949837e-01  2.21911281e-01 -1.69068909e+00
  2.83588618e-01  6.89126626e-02 -6.53329790e-01  4.64406669e-01
  5.41873157e-01  5.61548829e-01  7.40703940e-01 -2.48358324e-01
  1.06817454e-01 -6.77187681e-01  5.14971077e-01 -3.68102044e-01
 -6.35970384e-04 -4.27604288e-01  4.91464227e-01  3.37467462e-01
  4.01934773e-01  5.19058406e-02  9.97797608e-01  1.53992549e-02
  5.70043027e-02  7.93850362e-01 -4.23446655e-01 -4.73910213e-01
  4.20363694e-01  2.08254862e+00 -8.49525630e-02  2.76777864e-01
 -1.50192156e-01 -6.32319570e-01  6.42223656e-01 -1.00336385e+00
  4.22375202e-01  6.91692829e-01 -1.79273605e-01  9.71142352e-02
 -1.86718404e+00 -1.03401721e+00  4.75840449e-01  4.41724062e-01
  1.76166251e-01  5.47261775e-01  1.47846699e-01 -1.21786678e+00
  8.72051716e-02 -1.43358499e-01  8.38849545e-01  2.23724365e-01
 -1.74239278e-01  6.54978991e-01  4.08443987e-01  4.97817278e-01
 -1.02144337e+00 -6.21376514e-01 -1.11469805e-01  4.77170467e-01
  9.63666558e-01  1.29793227e+00  9.50449407e-02  1.40793994e-01
 -1.44115761e-01  1.10795036e-01  1.82484478e-01 -2.28848100e-01
  8.09099734e-01  1.91142559e-01  1.48819685e-01 -5.02866879e-02
  2.19667017e-01 -1.19818762e-01 -1.78903058e-01 -1.23608127e-01
  3.72448444e-01  1.06436157e+00  2.56462932e-01  8.41471106e-02
  1.25017023e+00  4.24560219e-01  7.69991994e-01 -2.79209703e-01
 -3.31291974e-01 -3.16984862e-01 -6.87969804e-01  4.66873229e-01
 -1.70819968e-01  7.72450924e-01 -1.74681023e-02  3.40464711e-02
  1.70775205e-02  4.77047056e-01  3.62704486e-01 -1.37856591e+00
 -4.22740191e-01  1.10223722e+00 -2.32444152e-01  2.53175944e-01
  1.25398070e-01  2.84640133e-01  1.40098110e-01  1.10347152e+00
 -2.99135685e-01 -3.52814734e-01 -1.62697092e-01  2.52779037e-01
  4.89733368e-02  4.08490449e-01  2.00926378e-01 -5.72378457e-01
  9.32044268e-01  4.17751729e-01 -2.43058607e-01 -1.41013369e-01
  7.68054366e-01  2.03175545e-01 -5.71250618e-01 -4.60013270e-01
 -5.14136255e-01  3.07763159e-01  1.03733912e-02  1.73285258e+00
 -2.04425812e-01 -6.07999384e-01 -2.60062069e-01  1.76704124e-01
 -5.29267453e-02  8.54213774e-01  5.06587215e-02 -1.12908256e+00
  7.19746411e-01 -4.44355071e-01  8.84120539e-03  5.83474815e-01
 -7.17057347e-01 -2.15153500e-01 -8.36872637e-01 -2.71089584e-01
 -8.11488926e-01 -6.24231517e-01 -3.75277042e-01  7.41627812e-01
  1.59501150e-01 -3.03313173e-02  9.82611001e-01 -5.89027107e-01
  1.35502696e-01  6.17710173e-01  8.15963864e-01 -5.96093655e-01
 -5.07019520e-01 -4.90483105e-01  6.21983290e-01  7.21769154e-01
  4.87807751e-01  2.21180707e-01 -2.66679108e-01 -9.89352405e-01
  2.94421703e-01 -6.62859738e-01 -4.26725447e-01  1.33253276e-01
  3.07095237e-02  3.61079946e-02  9.13023293e-01 -3.23111504e-01
 -4.44377810e-02  3.93921882e-01  4.05831844e-01  4.39364731e-01
  3.85403752e-01  8.48667622e-01  1.48243889e-01  1.76531374e-02
  6.79950714e-01 -1.77112475e-01  3.10136318e-01  9.44665074e-02
  1.26795411e-01  1.29082191e+00 -1.05315439e-01  7.85584629e-01
  5.75776219e-01  4.88916755e-01 -1.05921224e-01 -4.01266068e-01
  1.70699239e-01  5.91586113e-01  9.40369487e-01  9.91963968e-03
 -1.90262318e-01  9.08542871e-02 -8.11336040e-01 -5.88200510e-01
  8.40934515e-01  8.27667415e-01 -3.28469276e-03  8.09051454e-01
 -2.93155182e-02 -2.54488796e-01  9.87949252e-01  1.26506901e+00
  2.71019414e-02 -1.42021433e-01  3.89926314e-01 -7.51266301e-01
 -9.97805178e-01 -6.40369654e-01  2.19522774e-01 -6.69979870e-01
 -7.98857093e-01  6.15048349e-01  1.27486691e-01 -2.63910711e-01
 -8.37939680e-02 -8.46192241e-02  1.52700499e-01 -1.83659971e+00
  1.46730304e+00  5.20813882e-01  3.15534592e-01 -1.10137083e-01
 -1.18368044e-01  1.71172440e-01 -3.35275114e-01 -1.69673674e-02
 -8.77943277e-01 -1.72384620e-01 -3.62394542e-01 -5.41579962e-01
 -2.90381283e-01 -3.29966903e-01 -2.39170045e-01 -9.04590726e-01
  1.82119370e-01 -5.19647263e-02 -1.01273231e-01 -7.15839118e-02
 -5.38255498e-02 -2.25269854e-01 -5.03412545e-01  1.71623543e-01
 -1.25479056e-02 -6.04883611e-01 -7.33976737e-02  7.70726323e-01
  7.18458056e-01  3.15638214e-01 -3.20591688e-01  1.17674887e+00
  4.90248322e-01  5.67953408e-01  1.97617896e-03 -9.29666236e-02
  4.00041699e-01 -6.32354975e-01  8.96969587e-02 -5.98339271e-03
  1.13002694e+00 -2.51453459e-01 -1.58065844e+00 -8.12176228e-01
 -2.08322987e-01 -7.74852693e-01 -8.23783457e-01  5.27723253e-01
 -4.59443778e-01 -2.50024915e-01  9.09061432e-01 -6.18774414e-01
 -2.04296991e-01  3.70840430e-01 -4.98493731e-01 -8.02672744e-01
 -3.19797248e-01  3.21720898e-01 -1.61052868e-01 -1.07197836e-01
  2.69460052e-01 -4.05571729e-01  6.13198996e-01  3.39028031e-01
  1.67222485e-01  4.48044091e-02 -8.12451765e-02  7.73402512e-01
 -6.43563569e-01  4.03736383e-01  2.74689317e-01  3.87631059e-01
 -3.16359624e-02 -1.97385386e-01  7.62511373e-01  2.11452290e-01
  2.70064056e-01 -1.08952470e-01 -8.64507794e-01 -9.91600573e-01
  2.08595127e-01  1.18173313e+00 -3.98218185e-01  2.45395064e-01
 -7.53805399e-01  7.56270945e-01  6.85096145e-01  8.02083194e-01
 -3.33645403e-01  5.22195280e-01 -1.94857806e-01 -1.65123567e-01
  1.58810526e-01 -3.77503663e-01 -8.89430195e-02  4.22937155e-01
 -4.43168670e-01 -5.38621917e-02 -2.28344738e-01 -8.24065581e-02
 -7.25659907e-01  7.29927123e-01  4.92254496e-01 -8.35327208e-01
 -1.14226907e-01  2.04820007e-01 -2.98236217e-02  3.53413939e-01
  2.06035912e-01 -4.85854715e-01 -8.23171139e-01  4.20265228e-01
 -5.25815964e-01 -6.87995493e-01  2.05126870e-03  4.48200166e-01
  5.42853177e-01 -5.16290925e-02 -3.54367346e-01 -5.93182206e-01
 -3.21403332e-02 -2.63538927e-01  3.00442904e-01 -6.65145218e-01
 -1.88296363e-01  7.52396286e-02  1.75642997e-01 -1.29545890e-02
  6.76251203e-02  1.69155017e-01  6.73914850e-01  1.18648481e+00
 -3.89286935e-01 -5.12834601e-02 -5.17020285e-01 -5.17144918e-01
  8.43302533e-02 -2.73883373e-01  3.58449847e-01  6.11561894e-01
 -6.23138249e-01  2.01128066e-01 -1.16334789e-01  1.73418358e-01
  3.70936930e-01 -5.30993402e-01 -4.63263482e-01  7.49434590e-01
 -1.21103376e-01 -7.96071589e-01 -1.02700460e+00  3.55773836e-01
 -1.65293336e-01 -4.26812917e-02  1.46570191e-01  1.19087553e+00
 -4.97389555e-01  1.39732623e+00  1.13240826e+00  1.03449062e-01
 -2.66484022e-01 -3.65674525e-01  3.92421409e-02 -8.31087112e-01
  4.38527644e-01 -5.32584548e-01 -3.45904648e-01 -1.39529273e-01
 -5.03880501e-01  5.96745074e-01  7.30210602e-01  7.47318983e-01
 -4.53638226e-01  1.00291390e-02 -7.47144222e-01  3.96934450e-01
  6.11262381e-01 -1.98707402e-01 -3.39995056e-01  1.96879983e-01
  3.02229911e-01 -1.01265490e+00  1.88878447e-01  1.16464055e+00
 -4.09824908e-01  6.92577899e-01  1.57860870e+01 -1.03534055e+00
 -5.98523729e-02 -3.04240026e-02  1.94350928e-01  2.77354002e-01
  2.34582543e-01 -1.22266784e-01 -9.89083052e-01  3.35747153e-01
 -2.12774947e-01 -1.01971090e+00  2.70442441e-02 -2.61306018e-01
  1.05553940e-02 -1.57544494e-01  4.89362627e-01 -1.17401607e-01
 -1.00627613e+00 -8.13228413e-02 -3.58250886e-01  2.30208695e-01
  8.32345128e-01  1.89578325e-01 -5.04599661e-02 -2.96601653e-01
  4.70791429e-01 -3.22689377e-02  3.61226499e-03 -3.84538203e-01
 -8.20564151e-01 -6.35325909e-01 -4.93108571e-01  5.06299853e-01
 -7.62368023e-01 -3.15375715e-01 -2.61518568e-01 -1.16557097e+00
  4.37996298e-01  3.44077379e-01 -6.62855953e-02 -4.83901560e-01
  1.23779368e+00  3.11316282e-01  1.96336538e-01  7.64435530e-01
 -1.01122744e-01 -8.03525269e-01 -7.50357628e-01 -8.55081022e-01
 -4.87756222e-01  2.16238454e-01  2.30507493e-01 -3.96153808e-01
 -4.09601897e-01  4.97100741e-01  1.26374662e-01 -2.29377598e-01
 -4.13925558e-01 -1.78038865e-01 -3.46633583e-01 -7.18000531e-01
  7.70023882e-01  4.51292545e-01 -3.88153553e-01  1.12430060e+00
 -2.13786811e-02  2.61737734e-01 -2.12966278e-02 -7.44669199e-01
  2.30407536e-01 -2.51957625e-01 -5.67912050e-02  8.27469230e-01
 -8.94595608e-02 -3.73959690e-01  1.60532042e-01 -7.02335536e-01
 -7.52590179e-01  1.96614519e-01 -4.03740913e-01 -6.00646317e-01
  6.21918738e-01 -6.82090819e-02  5.59318483e-01  2.00983658e-02
  3.31604421e-01  4.17957276e-01  9.00740176e-02  2.19723880e-02
 -1.56643677e+00 -8.60047936e-01 -5.28384030e-01 -3.79988492e-01
 -4.18666154e-01  3.93831342e-01  5.45649230e-01  2.33418345e-02
 -1.35563338e+00  3.93640965e-01 -4.06826645e-01 -1.26083148e+00
 -4.72168267e-01  2.85501033e-01 -1.02230537e+00  6.07825339e-01
  8.17926228e-01 -3.22351515e-01  5.01050055e-01  1.03668563e-01
 -5.70954859e-01 -1.51735544e-01  2.02925820e-02  9.89486992e-01
  3.83993685e-01 -5.65116167e-01 -4.07734036e-01 -4.18680191e-01
  8.28286111e-01 -4.82997388e-01  9.26062167e-01 -7.82872140e-01
 -1.03444123e+00 -1.23958632e-01 -6.65754974e-02 -7.21300691e-02
  1.58651412e+00 -5.24460018e-01 -1.36738747e-01 -4.17830050e-03
 -3.52521092e-01  2.03123510e-01 -2.63333507e-02  2.56671578e-01
  9.16476071e-01 -3.37114692e-01  9.71436441e-01  1.57680333e-01
  9.65404928e-01  5.08376598e-01 -1.18592215e+00  3.73402268e-01
  1.23850927e-01  8.23829472e-01 -2.90702164e-01  1.17671363e-01
 -4.16964710e-01 -4.01086569e-01 -8.06455851e-01 -6.78755224e-01
  1.15915549e+00 -3.32562566e-01 -4.90986668e-02 -7.33999789e-01
 -2.50805497e-01 -5.16982853e-01 -1.03356266e+00 -2.09203109e-01
  3.96090835e-01  7.09258243e-02 -3.60778749e-01  5.11241674e-01
 -4.96162549e-02  2.08466128e-01 -1.94847852e-01 -4.92688239e-01
 -6.95588708e-01 -6.50918424e-01 -1.29527286e-01 -2.14747205e-01
  8.10198247e-01 -6.37920082e-01  3.82845491e-01  5.12248456e-01
 -1.24161541e+00  9.02103066e-01  3.40068072e-01  2.26836100e-01
 -1.07995284e+00 -1.76292509e-01 -1.15533739e-01  2.94210345e-01
  4.69298549e-02 -7.00761899e-02  1.32380530e-01  4.78201538e-01
 -3.89376283e-01  1.05218768e+00 -3.54593188e-01 -2.66446695e-02
  1.67457700e-01  6.58117328e-03 -8.63031805e-01 -9.17296350e-01
 -1.01366609e-01 -9.41678882e-01  2.78266728e-01 -1.40223849e+00
 -6.22918941e-02 -6.24700263e-03 -2.29303241e-02 -6.64615929e-01
  7.74835289e-01 -6.49605751e-01 -5.55761993e-01  4.51337397e-01
 -2.55477905e-01 -3.60637873e-01  5.42135000e-01  1.30100802e-01
  6.70883715e-01  4.74606454e-01 -4.12506580e-01 -1.04634166e-02
  3.76758218e-01 -7.71511257e-01 -8.96475554e-01 -2.68269271e-01
  7.91899621e-01  9.05697763e-01 -2.24904343e-03  2.65784323e-01
  3.66455317e-01  1.33018836e-01 -4.33577895e-01 -2.85963237e-01
 -7.52773955e-02 -9.64019299e-02  1.93650514e-01 -9.48498666e-01
  1.30155236e-01 -1.28681040e+00  7.66158581e-01  1.52493298e-01
 -9.65357497e-02  2.28856340e-01 -1.23060651e-01 -5.75952455e-02
 -7.92831182e-01  9.50803608e-03  1.82886750e-01  7.86702693e-01
  1.22502960e-01  4.26841348e-01  5.45895338e-01 -2.06396505e-01
 -1.09387413e-02 -2.08593663e-02 -1.79795831e-01  5.03139019e-01
 -1.92212045e-01  1.05825269e+00 -5.14817715e-01 -3.52276772e-01
  2.42990568e-01 -5.29311836e-01 -5.93143225e-01 -1.00083023e-01
  6.28479719e-01  3.09209883e-01 -2.28530347e-01 -2.45973200e-01
 -2.92072654e-01 -7.13359952e-01 -5.27704060e-01 -1.17395258e+00
  1.16721950e-01 -1.07160819e+00  8.83546472e-01  8.80152225e-01
 -2.41085738e-02 -6.82399273e-02  4.91826802e-01 -7.84149766e-02
 -6.91899657e-01  2.39419922e-01 -1.82159856e-01  3.64062369e-01
  7.94383943e-01  2.30631441e-01 -2.18123168e-01 -1.51817068e-01
  6.32536411e-02 -1.21947038e+00  1.94389708e-02 -1.60432518e-01
 -4.03537415e-02  1.06696412e-01  5.32835662e-01  1.83981046e-01
 -4.70103696e-02 -5.45155764e-01 -8.17173049e-02 -1.94640443e-01
  3.80561113e-01 -1.77443415e-01  9.80954230e-01  5.17417312e-01
 -4.34263796e-01  4.94877845e-01  1.76507637e-01  6.71423316e-01
  2.59671062e-01 -7.62809157e-01 -1.16022497e-01  9.84451830e-01
  2.19633728e-01 -4.83293459e-02  5.01780957e-02  1.07347882e+00
  1.41336232e-01 -8.82545337e-02 -1.13414681e+00 -6.72953486e-01
 -2.56168187e-01 -6.01896226e-01 -5.33413947e-01 -4.26754624e-01
  7.80180767e-02 -9.13599357e-02 -6.49411455e-02 -3.92784625e-01
 -8.54231358e-01  2.36852959e-01 -2.62021005e-01  1.61624119e-01
  1.94131732e-01 -2.02414066e-01 -1.36012375e-01 -2.81299710e-01
  3.18685204e-01  2.83983201e-01  1.43483475e-01  9.19725001e-02
  2.25431263e-01  1.23450518e-01  3.08807462e-01 -6.23333335e-01
 -4.84170467e-01  3.03019643e-01  9.04213637e-03 -6.99677229e-01
 -5.44416726e-01 -9.13130581e-01 -1.46904796e-01 -3.94485861e-01]",0.74736416,1.0000004,0.7581413,0.7933935
